COMMON_NAME_traits,SCIENTIFIC_NAME_traits,range_size
Albert's Lyrebird,Menura_alberti,12
Apostlebird,Struthidea_cinerea,"2,296"
Arctic Jaeger,Stercorarius_parasiticus,NA
Asian Dowitcher,Limnodromus_semipalmatus,NA
Atherton Scrubwren,Sericornis_keri,8
Australasian Bittern,Botaurus_poiciloptilus,691
Australasian Darter,Anhinga_novaehollandiae,"4,838"
Australasian Figbird,Sphecotheres_vieilloti,797
Australasian Gannet,Morus_serrator,NA
Australasian Grebe,Tachybaptus_novaehollandiae,"6,498"
Australasian Pipit,Anthus_novaeseelandiae,"7,755"
Australasian Shoveler,Spatula_rhynchotis,"1,887"
Australian Brush-turkey,Alectura_lathami,602
Australian Bustard,Ardeotis_australis,"7,049"
Australian Hobby,Falco_longipennis,"7,743"
Australian King-Parrot,Alisterus_scapularis,574
Australian Logrunner,Orthonyx_temminckii,85
Australian Magpie,Gymnorhina_tibicen,"6,123"
Australian Owlet-nightjar,Aegotheles_cristatus,"7,705"
Australian Painted Snipe,Rostratula_australis,"5,651"
Australian Pelican,Pelecanus_conspicillatus,"5,716"
Australian Pied Oystercatcher,Haematopus_longirostris,NA
Australian Pratincole,Stiltia_isabella,"4,845"
Australian Raven,Corvus_coronoides,"4,475"
Australian Reed-Warbler,Acrocephalus_australis,"4,976"
Australian Ringneck,Barnardius_zonarius,"4,832"
Australian Shelduck,Tadorna_tadornoides,"2,145"
Australian Spotted Crake,Porzana_fluminea,"4,695"
Australian Swiftlet,Aerodramus_terraereginae,NA
Australian White Ibis,Threskiornis_moluccus,"5,411"
Australian Wood Duck,Chenonetta_jubata,"4,938"
Azure Kingfisher,Ceyx_azureus,"1,718"
Baillon's Crake,Zapornia_pusilla,788
Banded Honeyeater,Cissomela_pectoralis,"1,195"
Banded Lapwing,Vanellus_tricolor,"5,393"
Banded Stilt,Cladorhynchus_leucocephalus,966
Banded Whiteface,Aphelocephala_nigricincta,"1,447"
Bar-breasted Honeyeater,Ramsayornis_fasciatus,963
Barking Owl,Ninox_connivens,"3,401"
Barn Owl,Tyto_alba,"7,674"
Barn Swallow,Hirundo_rustica,NA
Barred Cuckoo-shrike,Coracina_lineata,74
Bar-shouldered Dove,Geopelia_humeralis,"2,152"
Bar-tailed Godwit,Limosa_lapponica,NA
Bassian Thrush,Zoothera_lunulata,326
Baudin's Black-Cockatoo,Zanda_baudinii,50
Beach Stone-curlew,Esacus_giganteus,NA
Beautiful Firetail,Stagonopleura_bella,149
Bell Miner,Manorina_melanophrys,189
Black Bittern,Ixobrychus_flavicollis,"1,549"
Black Butcherbird,Melloria_quoyi,211
Black Currawong,Strepera_fuliginosa,70
Black Falcon,Falco_subniger,"4,842"
Black Honeyeater,Sugomel_niger,"5,225"
Black Kite,Milvus_migrans,"5,317"
Black Noddy,Anous_minutus,NA
Black Swan,Cygnus_atratus,"4,843"
Black-backed Butcherbird,Cracticus_mentalis,134
Black-breasted Button-quail,Turnix_melanogaster,70
Black-breasted Buzzard,Hamirostra_melanosternon,"4,629"
Black-chinned Honeyeater,Melithreptus_gularis,"3,870"
Black-eared Cuckoo,Chalcites_osculans,"7,183"
Black-faced Cormorant,Phalacrocorax_fuscescens,NA
Black-faced Cuckoo-shrike,Coracina_novaehollandiae,"7,756"
Black-faced Monarch,Monarcha_melanopsis,302
Black-faced Woodswallow,Artamus_cinereus,"7,212"
Black-fronted Dotterel,Elseyornis_melanops,"7,741"
Black-naped Tern,Sterna_sumatrana,NA
Black-shouldered Kite,Elanus_axillaris,"7,640"
Black-tailed Godwit,Limosa_limosa,"2,260"
Black-tailed Native-hen,Tribonyx_ventralis,"5,832"
Black-tailed Treecreeper,Climacteris_melanura,"1,058"
Black-throated Finch,Poephila_cincta,363
Black-winged Monarch,Monarcha_frater,35
Black-winged Stilt,Himantopus_leucocephalus,"6,334"
Blue Bonnet,Northiella_haematogaster,"1,473"
Blue-billed Duck,Oxyura_australis,"1,263"
Blue-breasted Fairy-wren,Malurus_pulcherrimus,414
Blue-faced Honeyeater,Entomyzon_cyanotis,"2,425"
Blue-faced Parrot-Finch,Erythrura_trichroa,5
Blue-winged Kookaburra,Dacelo_leachii,"2,119"
Blue-winged Parrot,Neophema_chrysostoma,546
Bourke's Parrot,Neopsephotus_bourkii,"2,454"
Bower's Shrike-thrush,Colluricincla_boweri,11
Brahminy Kite,Haliastur_indus,471
Bridled Honeyeater,Bolemoreus_frenatus,22
Bridled Tern,Onychoprion_anaethetus,NA
Broad-billed Flycatcher,Myiagra_ruficollis,NA
Broad-billed Sandpiper,Calidris_falcinellus,NA
Brolga,Antigone_rubicunda,"3,376"
Brown Cuckoo-Dove,Macropygia_phasianella,242
Brown Falcon,Falco_berigora,"7,755"
Brown Gerygone,Gerygone_mouki,207
Brown Goshawk,Accipiter_fasciatus,"7,755"
Brown Honeyeater,Lichmera_indistincta,"5,254"
Brown Quail,Synoicus_ypsilophora,"4,504"
Brown Songlark,Cincloramphus_cruralis,"6,840"
Brown Thornbill,Acanthiza_pusilla,552
Brown Treecreeper,Climacteris_picumnus,"2,125"
Brown-backed Honeyeater,Ramsayornis_modestus,169
Brown-capped Emerald Dove,Chalcophaps_longirostris,441
Brown-headed Honeyeater,Melithreptus_brevirostris,"1,696"
Brush Bronzewing,Phaps_elegans,515
Brush Cuckoo,Cacomantis_variolosus,"1,399"
Budgerigar,Melopsittacus_undulatus,"6,784"
Buff-banded Rail,Hypotaenidia_philippensis,"2,602"
Buff-breasted Paradise-Kingfisher,Tanysiptera_sylvia,45
Buff-rumped Thornbill,Acanthiza_reguloides,"1,010"
Buff-sided Robin,Poecilodryas_cerviniventris,425
Bush Stone-curlew,Burhinus_grallarius,"5,328"
Cape Barren Goose,Cereopsis_novaehollandiae,77
Caspian Tern,Hydroprogne_caspia,NA
Cattle Egret,Bubulcus_ibis,"1,402"
Channel-billed Cuckoo,Scythrops_novaehollandiae,"1,576"
Chestnut Quail-thrush,Cinclosoma_castanotus,"1,468"
Chestnut Teal,Anas_castanea,"1,162"
Chestnut-breasted Cuckoo,Cacomantis_castaneiventris,62
Chestnut-breasted Mannikin,Lonchura_castaneothorax,"1,141"
Chestnut-crowned Babbler,Pomatostomus_ruficeps,839
Chestnut-rumped Heathwren,Calamanthus_pyrrhopygia,316
Chestnut-rumped Thornbill,Acanthiza_uropygialis,"4,142"
Chiming Wedgebill,Psophodes_occidentalis,"1,714"
Chirruping Wedgebill,Psophodes_cristatus,618
Chowchilla,Orthonyx_spaldingii,20
Cicadabird,Edolisoma_tenuirostris,749
Cinnamon Quail-thrush,Cinclosoma_cinnamomeum,994
Cockatiel,Nymphicus_hollandicus,"6,881"
Coconut Lorikeet,Trichoglossus_haematodus,NA
Collared Kingfisher,Todiramphus_chloris,NA
Collared Sparrowhawk,Accipiter_cirrocephalus,"7,748"
Comb-crested Jacana,Irediparra_gallinacea,"1,185"
Common Bronzewing,Phaps_chalcoptera,"7,723"
Common Greenshank,Tringa_nebularia,"5,029"
Common Gull-billed Tern,Gelochelidon_nilotica,"4,899"
Common Noddy,Anous_stolidus,NA
Common Sandpiper,Actitis_hypoleucos,NA
Common Tern,Sterna_hirundo,NA
Cotton Pygmy-goose,Nettapus_coromandelianus,384
Crescent Honeyeater,Phylidonyris_pyrrhopterus,214
Crested Bellbird,Oreoica_gutturalis,"5,717"
Crested Pigeon,Ocyphaps_lophotes,"7,288"
Crested Shrike-tit,Falcunculus_frontatus,"1,242"
Crimson Chat,Epthianura_tricolor,"5,256"
Crimson Finch,Neochmia_phaeton,729
Crimson Rosella,Platycercus_elegans,625
Curlew Sandpiper,Calidris_ferruginea,NA
Diamond Dove,Geopelia_cuneata,"5,906"
Diamond Firetail,Stagonopleura_guttata,727
Dollarbird,Eurystomus_orientalis,"2,088"
Double-banded Plover,Charadrius_bicinctus,NA
Double-barred Finch,Taeniopygia_bichenovii,"2,466"
Double-eyed Fig-Parrot,Cyclopsitta_diophthalma,58
Dusky Gerygone,Gerygone_tenebrosa,NA
Dusky Grasswren,Amytornis_purnelli,366
Dusky Honeyeater,Myzomela_obscura,478
Dusky Moorhen,Gallinula_tenebrosa,"1,392"
Dusky Robin,Melanodryas_vittata,71
Dusky Woodswallow,Artamus_cyanopterus,"1,666"
Eastern Bristlebird,Dasyornis_brachypterus,3
Eastern Curlew,Numenius_madagascariensis,NA
Eastern Grass Owl,Tyto_longimembris,"1,089"
Eastern Koel,Eudynamys_orientalis,"1,314"
Eastern Reef Egret,Egretta_sacra,NA
Eastern Rosella,Platycercus_eximius,695
Eastern Spinebill,Acanthorhynchus_tenuirostris,569
Eastern Whipbird,Psophodes_olivaceus,324
Eastern Yellow Robin,Eopsaltria_australis,850
Eclectus Parrot,Eclectus_roratus,3
Elegant Parrot,Neophema_elegans,394
Emu,Dromaius_novaehollandiae,"7,605"
Eurasian Coot,Fulica_atra,"5,648"
Fairy Gerygone,Gerygone_palpebrosa,262
Fairy Martin,Petrochelidon_ariel,"6,782"
Fairy Tern,Sternula_nereis,NA
Fan-tailed Cuckoo,Cacomantis_flabelliformis,"1,359"
Fernwren,Oreoscopus_gutturalis,22
Flame Robin,Petroica_phoenicea,548
Flock Bronzewing,Phaps_histrionica,"2,687"
Forest Kingfisher,Todiramphus_macleayii,935
Forest Raven,Corvus_tasmanicus,142
Fork-tailed Swift,Apus_pacificus,"5,952"
Forty-spotted Pardalote,Pardalotus_quadragintus,2
Freckled Duck,Stictonetta_naevosa,"1,844"
Frilled Monarch,Arses_telescopthalmus,NA
Fuscous Honeyeater,Ptilotula_fuscus,593
Galah,Eolophus_roseicapillus,"7,668"
Gang-gang Cockatoo,Callocephalon_fimbriatum,202
Gilbert's Whistler,Pachycephala_inornata,834
Glossy Black-Cockatoo,Calyptorhynchus_lathami,451
Glossy Ibis,Plegadis_falcinellus,"4,316"
Golden Bowerbird,Amblyornis_newtonianus,22
Golden Whistler,Pachycephala_pectoralis,"1,392"
Golden-headed Cisticola,Cisticola_exilis,"2,616"
Gouldian Finch,Chloebia_gouldiae,634
Graceful Honeyeater,Meliphaga_gracilis,123
Great Bowerbird,Ptilonorhynchus_nuchalis,"1,356"
Great Cormorant,Phalacrocorax_carbo,"4,271"
Great Crested Grebe,Podiceps_cristatus,"2,529"
Great Egret,Ardea_alba,"5,670"
Great Knot,Calidris_tenuirostris,NA
Great-billed Heron,Ardea_sumatrana,NA
Greater Sand Plover,Charadrius_leschenaultii,NA
Greater Sooty Owl,Tyto_tenebricosa,159
Green Catbird,Ailuroedus_crassirostris,108
Green Pygmy-goose,Nettapus_pulchellus,"1,068"
Green Rosella,Platycercus_caledonicus,71
Green-backed Gerygone,Gerygone_chloronota,359
Grey Butcherbird,Cracticus_torquatus,"5,650"
Grey Currawong,Strepera_versicolor,"1,133"
Grey Fantail,Rhipidura_fuliginosa,"6,389"
Grey Goshawk,Accipiter_novaehollandiae,761
Grey Plover,Pluvialis_squatarola,NA
Grey Shrike-thrush,Colluricincla_harmonica,"7,752"
Grey Teal,Anas_gracilis,"6,812"
Grey Whistler,Pachycephala_simplex,162
Grey-crowned Babbler,Pomatostomus_temporalis,"4,489"
Grey-fronted Honeyeater,Ptilotula_plumulus,"4,448"
Grey-headed Honeyeater,Ptilotula_keartlandi,"2,012"
Grey-headed Robin,Heteromyias_albispecularis,23
Grey-tailed Tattler,Tringa_brevipes,NA
Ground Cuckoo-shrike,Coracina_maxima,"6,338"
Ground Parrot,Pezoporus_wallicus,73
Hardhead,Aythya_australis,"6,163"
Helmeted Friarbird,Philemon_buceroides,306
Hoary-headed Grebe,Poliocephalus_poliocephalus,"7,284"
Hooded Parrot,Psephotellus_dissimilis,99
Hooded Plover,Thinornis_cucullatus,NA
Hooded Robin,Melanodryas_cucullata,"6,986"
Horsfield's Bronze-Cuckoo,Chalcites_basalis,"7,752"
Horsfield's Bushlark,Mirafra_javanica,"5,212"
Inland Thornbill,Acanthiza_apicalis,"4,299"
Intermediate Egret,Ardea_intermedia,"3,449"
Jacky Winter,Microeca_fascinans,"5,568"
Kelp Gull,Larus_dominicanus,NA
King Quail,Synoicus_chinensis,635
Large-billed Gerygone,Gerygone_magnirostris,NA
Large-billed Scrubwren,Sericornis_magnirostris,210
Large-tailed Nightjar,Caprimulgus_macrurus,374
Latham's Snipe,Gallinago_hardwickii,"1,074"
Laughing Kookaburra,Dacelo_novaeguineae,"2,060"
Leaden Flycatcher,Myiagra_rubecula,"1,736"
Lemon-bellied Flycatcher,Microeca_flavigaster,673
Lesser Crested Tern,Thalasseus_bengalensis,NA
Lesser Sand Plover,Charadrius_mongolus,NA
Lewin's Honeyeater,Meliphaga_lewinii,437
Lewin's Rail,Lewinia_pectoralis,347
Little Black Cormorant,Phalacrocorax_sulcirostris,"5,136"
Little Bronze-Cuckoo,Chalcites_minutillus,834
Little Button-quail,Turnix_velox,"6,894"
Little Corella,Cacatua_sanguinea,"6,282"
Little Crow,Corvus_bennetti,"5,037"
Little Curlew,Numenius_minutus,"1,644"
Little Eagle,Hieraaetus_morphnoides,"7,678"
Little Egret,Egretta_garzetta,NA
Little Friarbird,Philemon_citreogularis,"3,199"
Little Grassbird,Poodytes_gramineus,"3,639"
Little Kingfisher,Ceyx_pusilla,NA
Little Lorikeet,Glossopsitta_pusilla,592
Little Pied Cormorant,Microcarbo_melanoleucos,"5,654"
Little Raven,Corvus_mellori,926
Little Shrike-thrush,Colluricincla_megarhyncha,547
Little Tern,Sternula_albifrons,NA
Little Wattlebird,Anthochaera_chrysoptera,383
Little Woodswallow,Artamus_minor,"4,794"
Long-billed Corella,Cacatua_tenuirostris,173
Long-tailed Finch,Poephila_acuticauda,806
Long-toed Stint,Calidris_subminuta,"4,172"
Lovely Fairy-wren,Malurus_amabilis,93
Macleay's Honeyeater,Xanthotis_macleayana,32
Magnificent Riflebird,Lophorina_magnificus,53
Magpie Goose,Anseranas_semipalmata,"1,577"
Magpie-lark,Grallina_cyanoleuca,"6,547"
Major Mitchell's Cockatoo,Cacatua_leadbeateri,"3,487"
Mallee Emu-wren,Stipiturus_mallee,21
Mangrove Gerygone,Gerygone_levigaster,NA
Mangrove Golden Whistler,Pachycephala_melanura,NA
Mangrove Grey Fantail,Rhipidura_phasiana,NA
Mangrove Honeyeater,Gavicalis_fasciogularis,NA
Mangrove Robin,Peneothello_pulverulenta,NA
Marbled Frogmouth,Podargus_ocellatus,56
Marsh Sandpiper,Tringa_stagnatilis,"6,284"
Masked Finch,Poephila_personata,738
Masked Lapwing,Vanellus_miles,"4,502"
Masked Owl,Tyto_novaehollandiae,769
Masked Woodswallow,Artamus_personatus,"7,478"
Metallic Starling,Aplonis_metallica,NA
Mistletoebird,Dicaeum_hirundinaceum,"7,701"
Mountain Thornbill,Acanthiza_katherina,16
Mulga Parrot,Psephotellus_varius,"2,939"
Musk Duck,Biziura_lobata,"1,418"
Musk Lorikeet,Glossopsitta_concinna,434
Nankeen Kestrel,Falco_cenchroides,"7,749"
Nankeen Night-Heron,Nycticorax_caledonicus,"5,453"
New Holland Honeyeater,Phylidonyris_novaehollandiae,679
New Zealand Boobook,Ninox_novaeseelandiae,"7,404"
Noisy Friarbird,Philemon_corniculatus,"1,488"
Noisy Miner,Manorina_melanocephala,"1,408"
Noisy Pitta,Pitta_versicolor,196
Noisy Scrub-bird,Atrichornis_clamosus,0
Northern Fantail,Rhipidura_rufiventris,776
Northern Rosella,Platycercus_venustus,573
Olive Whistler,Pachycephala_olivacea,211
Olive-backed Oriole,Oriolus_sagittatus,"2,323"
Olive-backed Sunbird,Cinnyris_jugularis,181
Orange Chat,Epthianura_aurifrons,"3,342"
Orange-footed Scrubfowl,Megapodius_reinwardt,223
Oriental Cuckoo,Cuculus_saturatus,921
Oriental Pratincole,Glareola_maldivarum,"1,121"
Osprey,Pandion_haliaetus,NA
Pacific Baza,Aviceda_subcristata,875
Pacific Black Duck,Anas_superciliosa,"6,318"
Pacific Golden Plover,Pluvialis_fulva,NA
Pacific Gull,Larus_pacificus,NA
Painted Button-quail,Turnix_varius,"1,187"
Painted Finch,Emblema_pictum,"2,460"
Painted Honeyeater,Grantiella_picta,"1,436"
Pale-headed Rosella,Platycercus_adscitus,"1,063"
Pale-vented Bush-hen,Amaurornis_moluccana,181
Pale-yellow Robin,Tregellasia_capito,92
Pallid Cuckoo,Heteroscenes_pallidus,"7,728"
Papuan Frogmouth,Podargus_papuensis,135
Paradise Riflebird,Lophorina_paradiseus,NA
Peaceful Dove,Geopelia_placida,"5,659"
Pectoral Sandpiper,Calidris_melanotos,"2,322"
Peregrine Falcon,Falco_peregrinus,"7,346"
Pheasant Coucal,Centropus_phasianinus,"1,974"
Pictorella Mannikin,Heteromunia_pectoralis,919
Pied Butcherbird,Cracticus_nigrogularis,"6,290"
Pied Cormorant,Phalacrocorax_varius,NA
Pied Currawong,Strepera_graculina,991
Pied Heron,Egretta_picata,454
Pied Honeyeater,Certhionyx_variegatus,"4,340"
Pied Monarch,Arses_kaupi,20
Pilotbird,Pycnoptilus_floccosus,87
Pink Robin,Petroica_rodinogaster,218
Pink-eared Duck,Malacorhynchus_membranaceus,"5,377"
Plumed Whistling-Duck,Dendrocygna_eytoni,"4,163"
Plum-headed Finch,Neochmia_modesta,885
Powerful Owl,Ninox_strenua,324
Purple Swamphen,Porphyrio_porphyrio,"2,735"
Purple-crowned Fairy-wren,Malurus_coronatus,205
Purple-crowned Lorikeet,Glossopsitta_porphyrocephala,762
Purple-gaped Honeyeater,Lichenostomus_cratitius,259
Radjah Shelduck,Radjah_radjah,750
Rainbow Bee-eater,Merops_ornatus,"7,628"
Rainbow Pitta,Pitta_iris,"1,974"
Red Knot,Calidris_canutus,168
Red Wattlebird,Anthochaera_carunculata,NA
Red-backed Button-quail,Turnix_maculosa,864
Red-backed Fairy-wren,Malurus_melanocephalus,"1,989"
Red-backed Kingfisher,Todiramphus_pyrrhopygius,"7,189"
Red-browed Finch,Neochmia_temporalis,678
Red-browed Pardalote,Pardalotus_rubricatus,"4,709"
Red-browed Treecreeper,Climacteris_erythrops,243
Red-capped Parrot,Purpureicephalus_spurius,113
Red-capped Plover,Charadrius_ruficapillus,NA
Red-capped Robin,Petroica_goodenovii,"5,825"
Red-cheeked Parrot,Geoffroyus_geoffroyi,4
Red-eared Firetail,Stagonopleura_oculata,56
Red-headed Honeyeater,Myzomela_erythrocephala,NA
Red-kneed Dotterel,Erythrogonys_cinctus,"7,651"
Red-necked Avocet,Recurvirostra_novaehollandiae,"2,616"
Red-necked Crake,Rallina_tricolor,28
Red-necked Stint,Calidris_ruficollis,NA
Red-rumped Parrot,Psephotus_haematonotus,"1,309"
Red-tailed Black-Cockatoo,Calyptorhynchus_banksii,"3,447"
Redthroat,Pyrrholaemus_brunneus,"2,674"
Red-winged Fairy-wren,Malurus_elegans,49
Red-winged Parrot,Aprosmictus_erythropterus,"2,787"
Regent Bowerbird,Sericulus_chrysocephalus,108
Regent Honeyeater,Anthochaera_phrygia,403
Regent Parrot,Polytelis_anthopeplus,422
Restless Flycatcher,Myiagra_inquieta,"4,021"
Rockwarbler,Origma_solitaria,46
Rose Robin,Petroica_rosea,461
Rose-crowned Fruit-Dove,Ptilinopus_regina,362
Royal Spoonbill,Platalea_regia,"3,786"
Ruddy Turnstone,Arenaria_interpres,NA
Rufous Bristlebird,Dasyornis_broadbenti,9
Rufous Fantail,Rhipidura_rufifrons,756
Rufous Fieldwren,Calamanthus_campestris,"1,193"
Rufous Owl,Ninox_rufa,303
Rufous Songlark,Cincloramphus_mathewsi,"7,494"
Rufous Treecreeper,Climacteris_rufa,511
Rufous Whistler,Pachycephala_rufiventris,"6,733"
Rufous-banded Honeyeater,Conopophila_albogularis,196
Rufous-throated Honeyeater,Conopophila_rufogularis,"1,514"
Russet-tailed Thrush,Zoothera_heinei,88
Sacred Kingfisher,Todiramphus_sanctus,"5,758"
Sanderling,Calidris_alba,NA
Sandstone Shrike-thrush,Colluricincla_woodwardi,471
Sarus Crane,Antigone_antigone,216
Satin Bowerbird,Ptilonorhynchus_violaceus,302
Satin Flycatcher,Myiagra_cyanoleuca,598
Scaly-breasted Lorikeet,Trichoglossus_chlorolepidotus,582
Scarlet Honeyeater,Myzomela_sanguinolenta,404
Scarlet Robin,Petroica_multicolor,648
Scrubtit,Acanthornis_magnus,58
Sharp-tailed Sandpiper,Calidris_acuminata,"7,017"
Shining Bronze-Cuckoo,Chalcites_lucidus,"1,588"
Shining Flycatcher,Myiagra_alecto,501
Shy Heathwren,Calamanthus_cauta,599
Silver Gull,Chroicocephalus_novaehollandiae,3902
Silver-crowned Friarbird,Philemon_argenticeps,882
Silvereye,Zosterops_lateralis,"1,549"
Singing Honeyeater,Gavicalis_virescens,"7,002"
Slaty-backed Thornbill,Acanthiza_robustirostris,"1,882"
Slender-billed Thornbill,Acanthiza_iredalei,721
Sooty Oystercatcher,Haematopus_fuliginosus,NA
Sooty Tern,Onychoprion_fuscata,NA
Southern Cassowary,Casuarius_casuarius,24
Southern Emu-wren,Stipiturus_malachurus,238
Southern Scrub-robin,Drymodes_brunneopygia,488
Southern Whiteface,Aphelocephala_leucopsis,"3,465"
Spangled Drongo,Dicrurus_bracteatus,757
Speckled Warbler,Pyrrholaemus_sagittata,685
Spectacled Monarch,Symposiarchus_trivirgatus,212
Spinifexbird,Poodytes_carteri,"1,853"
Spiny-cheeked Honeyeater,Acanthagenys_rufogularis,"5,799"
Splendid Fairy-wren,Malurus_splendens,"3,079"
Spotless Crake,Zapornia_tabuensis,"1,579"
Spotted Bowerbird,Ptilonorhynchus_maculatus,NA
Spotted Catbird,Ailuroedus_melanotis,30
Spotted Harrier,Circus_assimilis,"7,370"
Spotted Nightjar,Eurostopodus_argus,"7,121"
Spotted Pardalote,Pardalotus_punctatus,"1,478"
Spotted Quail-thrush,Cinclosoma_punctatum,400
Spotted Whistling-Duck,Dendrocygna_guttata,40
Square-tailed Kite,Lophoictinia_isura,"5,960"
Squatter Pigeon,Geophaps_scripta,653
Star Finch,Neochmia_ruficauda,718
Straw-necked Ibis,Threskiornis_spinicollis,"5,250"
Striated Fieldwren,Calamanthus_fuliginosus,128
Striated Heron,Butorides_striata,NA
Striated Pardalote,Pardalotus_striatus,"6,508"
Striated Thornbill,Acanthiza_lineata,533
Striped Honeyeater,Plectorhyncha_lanceolata,"1,420"
Strong-billed Honeyeater,Melithreptus_validirostris,70
Stubble Quail,Coturnix_pectoralis,"5,328"
Sulphur-crested Cockatoo,Cacatua_galerita,"2,980"
Superb Fairy-wren,Malurus_cyaneus,"1,110"
Superb Lyrebird,Menura_novaehollandiae,191
Superb Parrot,Polytelis_swainsonii,233
Swamp Harrier,Circus_approximans,"4,816"
Swift Parrot,Lathamus_discolor,292
Tasmanian Native-hen,Tribonyx_mortierii,46
Tasmanian Scrubwren,Sericornis_humilis,69
Tasmanian Thornbill,Acanthiza_ewingii,69
Tawny Frogmouth,Podargus_strigoides,"7,205"
Tawny Grassbird,Cincloramphus_timoriensis,708
Tawny-breasted Honeyeater,Xanthotis_flaviventer,53
Tawny-crowned Honeyeater,Glyciphila_melanops,526
Terek Sandpiper,Xenus_cinereus,NA
Tooth-billed Bowerbird,Scenopoeetes_dentirostris,14
Topknot Pigeon,Lopholaimus_antarcticus,200
Torresian Crow,Corvus_orru,NA
Torresian Imperial-Pigeon,Ducula_spilorrhoa,441
Tree Martin,Petrochelidon_nigricans,"7,747"
Tropical Scrubwren,Sericornis_beccarii,49
Trumpet Manucode,Phonygammus_keraudrenii,47
Turquoise Parrot,Neophema_pulchella,210
Varied Honeyeater,Gavicalis_versicolor,NA
Varied Lorikeet,Psitteuteles_versicolor,"1,306"
Varied Sittella,Daphoenositta_chrysoptera,"6,264"
Varied Triller,Lalage_leucomela,685
Variegated Fairy-wren,Malurus_lamberti,"6,384"
Victoria's Riflebird,Lophorina_victoriae,23
Wandering Tattler,Tringa_incana,NA
Wandering Whistling-Duck,Dendrocygna_arcuata,"1,771"
Wedge-tailed Eagle,Aquila_audax,"7,752"
Weebill,Smicrornis_brevirostris,"6,945"
Welcome Swallow,Hirundo_neoxena,"4,824"
Western Bowerbird,Ptilonorhynchus_guttatus,"1,265"
Western Bristlebird,Dasyornis_longirostris,9
Western Corella,Cacatua_pastinator,105
Western Gerygone,Gerygone_fusca,"4,276"
Western Rosella,Platycercus_icterotis,183
Western Spinebill,Acanthorhynchus_superciliosus,NA
Western Thornbill,Acanthiza_inornata,105
Western Wattlebird,Anthochaera_lunulata,147
Western Whipbird,Psophodes_nigrogularis,37
Western Yellow Robin,Eopsaltria_griseogularis,458
Whimbrel,Numenius_phaeopus,NA
Whiskered Tern,Chlidonias_hybrida,"7,463"
Whistling Kite,Haliastur_sphenurus,"7,689"
White Tern,Gygis_alba,NA
White-backed Swallow,Cheramoeca_leucosterna,"5,508"
White-bellied Cuckoo-shrike,Coracina_papuensis,"2,733"
White-bellied Sea-Eagle,Haliaeetus_leucogaster,"2,370"
White-bellied Spinifex Pigeon,Geophaps_plumifera,"1,689"
White-breasted Robin,Quoyornis_georgiana,67
White-breasted Whistler,Pachycephala_lanioides,NA
White-breasted Woodswallow,Artamus_leucorynchus,"3,949"
White-browed Babbler,Pomatostomus_superciliosus,"3,768"
White-browed Crake,Amaurornis_cinerea,392
White-browed Robin,Poecilodryas_superciliosa,51
White-browed Scrubwren,Sericornis_frontalis,926
White-browed Treecreeper,Climacteris_affinis,"2,006"
White-browed Woodswallow,Artamus_superciliosus,"4,727"
White-cheeked Honeyeater,Phylidonyris_niger,363
White-eared Honeyeater,Nesoptilotis_leucotis,"1,298"
White-eared Monarch,Carterornis_leucotis,102
White-faced Heron,Egretta_novaehollandiae,"6,479"
White-faced Robin,Tregellasia_leucops,19
White-fronted Chat,Epthianura_albifrons,"1,963"
White-fronted Honeyeater,Purnella_albifrons,"3,683"
White-fronted Tern,Sterna_striata,NA
White-gaped Honeyeater,Stomiopera_unicolor,"1,131"
White-headed Pigeon,Columba_leucomela,145
White-naped Honeyeater,Melithreptus_lunatus,643
White-necked Heron,Ardea_pacifica,"6,219"
White-plumed Honeyeater,Ptilotula_penicillatus,"5,038"
White-quilled Rock-Pigeon,Petrophassa_albipennis,197
White-streaked Honeyeater,Trichodere_cockerelli,NA
White-throated Gerygone,Gerygone_olivacea,"1,911"
White-throated Honeyeater,Melithreptus_albogularis,"1,461"
White-throated Needletail,Hirundapus_caudacutus,910
White-throated Nightjar,Eurostopodus_mystacalis,527
White-throated Treecreeper,Cormobates_leucophaea,677
White-winged Black Tern,Chlidonias_leucopterus,"2,570"
White-winged Chough,Corcorax_melanorhamphos,"1,619"
White-winged Fairy-wren,Malurus_leucopterus,"5,322"
White-winged Triller,Lalage_tricolor,"7,693"
Willie Wagtail,Rhipidura_leucophrys,"7,679"
Wompoo Fruit-Dove,Ptilinopus_magnificus,177
Wonga Pigeon,Leucosarcia_melanoleuca,318
Wood Sandpiper,Tringa_glareola,"7,198"
Yellow Chat,Epthianura_crocea,"1,432"
Yellow Honeyeater,Stomiopera_flavus,374
Yellow Oriole,Oriolus_flavocinctus,473
Yellow Thornbill,Acanthiza_nana,"1,474"
Yellow Wagtail,Motacilla_flava,32
Yellow Wattlebird,Anthochaera_paradoxa,53
Yellow White-eye,Zosterops_luteus,NA
Yellow-billed Kingfisher,Syma_torotoro,49
Yellow-billed Spoonbill,Platalea_flavipes,"5,411"
Yellow-breasted Boatbill,Machaerirhynchus_flaviventer,54
Yellow-faced Honeyeater,Caligavis_chrysops,667
Yellow-plumed Honeyeater,Ptilotula_ornatus,988
Yellow-rumped Thornbill,Acanthiza_chrysorrhoa,"4,531"
Yellow-spotted Honeyeater,Meliphaga_notata,131
Yellow-tailed Black-Cockatoo,Zanda_funereus,563
Yellow-throated Honeyeater,Nesoptilotis_flavicollis,71
Yellow-throated Miner,Manorina_flavigula,"6,988"
Yellow-throated Scrubwren,Sericornis_citreogularis,149
Yellow-tinted Honeyeater,Ptilotula_flavescens,"1,169"
Yellow-tufted Honeyeater,Lichenostomus_melanops,467
Zebra Finch,Taeniopygia_guttata,"6,342"
Zitting Cisticola,Cisticola_juncidis,116
